date,revenue,cost,users,region,category
2025-01-01,26077,13933,144,West,Consulting
2025-01-01,15240,10545,75,North,Hardware
2025-01-01,24063,7395,127,Europe,Hardware
2025-01-01,45718,15354,130,Asia,Services
2025-01-02,17442,10308,226,Asia,Services
2025-01-02,25026,17393,155,West,Services
2025-01-02,59849,30336,244,East,Consulting
2025-01-02,51999,28585,231,Europe,Services
2025-01-03,12086,4428,80,East,Software
2025-01-03,46570,29749,69,North,Software
2025-01-03,39642,13490,87,East,Software
2025-01-03,49554,18378,185,West,Hardware
2025-01-03,51864,17416,231,Europe,Hardware
2025-01-04,58649,21209,227,Europe,Hardware
2025-01-04,59325,28920,157,West,Consulting
2025-01-04,43529,19329,73,South,Software
2025-01-04,43758,16679,86,East,Hardware
2025-01-04,38054,12582,235,West,Hardware
2025-01-05,36153,12698,170,West,Services
2025-01-05,52828,35357,72,Europe,Software
2025-01-05,59317,23023,131,Europe,Consulting
2025-01-05,21346,9896,104,South,Software
2025-01-06,37224,16355,69,North,Consulting
2025-01-06,51478,34701,76,South,Hardware
2025-01-06,25296,10880,244,East,Hardware
2025-01-06,31717,14313,50,South,Consulting
2025-01-07,18045,11637,186,East,Software
2025-01-07,26453,13883,152,West,Hardware
2025-01-07,43653,26059,168,East,Software
2025-01-07,17487,8482,52,West,Hardware
2025-01-07,46798,19835,136,North,Hardware
2025-01-08,34132,14355,50,Asia,Consulting
2025-01-08,27008,18758,60,Europe,Software
2025-01-08,46349,26239,167,North,Software
2025-01-08,33021,16746,182,West,Hardware
2025-01-09,56497,36805,158,Europe,Consulting
2025-01-09,48837,31367,64,East,Software
2025-01-09,13323,6011,127,Asia,Consulting
2025-01-10,45886,18615,159,North,Software
2025-01-10,41287,17172,174,Europe,Consulting
2025-01-10,46036,23769,227,North,Consulting
2025-01-10,12600,7691,247,Europe,Software
2025-01-10,15648,8833,103,South,Consulting
2025-01-11,44047,15867,239,West,Services
2025-01-11,36022,17038,244,East,Consulting
2025-01-11,19219,12973,93,Asia,Software
2025-01-11,16267,4916,51,East,Services
2025-01-12,31466,11307,220,North,Services
2025-01-12,43448,21385,114,West,Hardware
2025-01-12,19197,12881,189,East,Hardware
2025-01-12,36842,11750,205,East,Software
2025-01-13,26701,17336,185,West,Hardware
2025-01-13,57207,25343,225,West,Services
2025-01-13,35311,21070,163,Asia,Consulting
2025-01-14,51805,21781,154,East,Consulting
2025-01-14,18394,7698,110,West,Software
2025-01-14,51260,16509,70,East,Services
2025-01-14,42876,22087,220,West,Consulting
2025-01-14,59184,39200,244,North,Software
2025-01-15,26981,15349,183,Asia,Consulting
2025-01-15,53733,30733,191,North,Software
2025-01-15,59004,27172,104,West,Hardware
2025-01-16,27874,16028,168,East,Hardware
2025-01-16,40886,15835,246,West,Consulting
2025-01-16,46915,31189,85,West,Consulting
2025-01-17,23370,10936,100,East,Consulting
2025-01-17,17260,9189,74,Asia,Software
2025-01-17,30494,16016,192,South,Consulting
2025-01-17,59854,30933,233,West,Hardware
2025-01-17,56350,35104,150,North,Services
2025-01-18,43056,28237,108,East,Consulting
2025-01-18,49967,29687,85,West,Consulting
2025-01-18,50323,23939,207,Europe,Hardware
2025-01-19,21721,13335,244,West,Consulting
2025-01-19,30902,19859,127,Europe,Software
2025-01-19,23598,7122,232,East,Hardware
2025-01-19,23546,7781,180,South,Hardware
2025-01-20,32591,13794,218,East,Services
2025-01-20,33311,19015,207,South,Software
2025-01-20,42159,24708,120,West,Consulting
2025-01-21,38114,13165,115,West,Hardware
2025-01-21,28556,12355,52,North,Services
2025-01-21,22573,7533,54,West,Consulting
2025-01-21,58823,36103,192,East,Hardware
2025-01-21,31950,13673,232,West,Consulting
2025-01-22,47306,30103,215,West,Consulting
2025-01-22,21009,12554,162,West,Consulting
2025-01-22,35734,16064,92,Asia,Consulting
2025-01-22,49686,34181,237,South,Software
2025-01-23,48021,17882,162,Europe,Services
2025-01-23,12977,6555,79,South,Services
2025-01-23,12802,7808,160,North,Services
2025-01-23,14027,6747,192,North,Software
2025-01-23,51706,30501,103,North,Software
2025-01-24,31481,21182,78,South,Consulting
2025-01-24,53381,18990,209,South,Software
2025-01-24,44109,17305,56,South,Software
2025-01-24,38889,14407,242,Asia,Consulting
2025-01-24,59497,36407,144,South,Consulting
2025-01-25,22397,6985,111,South,Services
2025-01-25,48705,32961,239,East,Hardware
2025-01-25,38947,23135,50,Europe,Software
2025-01-25,24132,8006,50,Asia,Software
2025-01-26,36240,20763,101,East,Services
2025-01-26,19541,10033,106,Europe,Consulting
2025-01-26,25241,10942,153,Europe,Hardware
2025-01-27,21204,8746,52,Asia,Consulting
2025-01-27,40390,15296,91,Europe,Hardware
2025-01-27,46514,26729,125,East,Services
2025-01-28,15696,5478,96,East,Consulting
2025-01-28,13682,5365,142,South,Consulting
2025-01-28,38785,19116,195,South,Consulting
2025-01-29,56764,19667,111,West,Services
2025-01-29,45792,17295,97,South,Hardware
2025-01-29,18927,11247,246,Europe,Software
2025-01-29,39755,19293,243,West,Services
2025-01-29,32284,21296,73,Europe,Software
2025-01-30,37619,16153,144,Asia,Software
2025-01-30,14059,9056,144,East,Services
2025-01-30,41079,22949,116,Europe,Software
2025-01-30,48452,33796,168,Europe,Software
2025-01-31,48130,29737,104,East,Consulting
2025-01-31,33825,19170,141,Europe,Software
2025-01-31,55759,32081,99,Europe,Software
2025-01-31,51498,17186,63,Asia,Consulting
2025-01-31,49347,19682,145,West,Services
2025-02-01,40646,20723,69,South,Consulting
2025-02-01,32052,10325,231,North,Services
2025-02-01,25992,11587,73,South,Consulting
2025-02-01,53359,21115,91,Europe,Software
2025-02-01,52541,33153,84,South,Software
2025-02-02,51173,35721,100,West,Consulting
2025-02-02,21025,10628,130,South,Software
2025-02-02,21951,11999,156,Asia,Hardware
2025-02-03,55308,24536,63,North,Software
2025-02-03,22593,15318,188,Asia,Services
2025-02-03,40777,27078,91,North,Consulting
2025-02-03,58171,23953,182,South,Software
2025-02-03,42787,24305,122,West,Consulting
2025-02-04,41457,24951,149,Asia,Software
2025-02-04,13554,4128,209,Asia,Software
2025-02-04,38135,17116,202,South,Hardware
2025-02-04,43801,15674,118,Europe,Hardware
2025-02-05,16249,8300,221,Europe,Services
2025-02-05,54415,30229,179,Asia,Services
2025-02-05,28276,13578,113,West,Hardware
2025-02-05,11075,5556,200,North,Consulting
2025-02-05,39340,25966,181,North,Consulting
2025-02-06,15350,4976,128,Asia,Services
2025-02-06,10642,3793,98,North,Software
2025-02-06,34719,18925,91,South,Software
2025-02-06,11908,5860,112,West,Hardware
2025-02-06,29872,11869,244,South,Services
2025-02-07,24509,7622,105,South,Services
2025-02-07,41269,16374,215,West,Services
2025-02-07,57054,33321,66,Asia,Consulting
2025-02-07,46895,18899,148,North,Hardware
2025-02-07,34629,13388,204,East,Consulting
2025-02-08,47932,20932,64,East,Consulting
2025-02-08,33113,11281,181,West,Software
2025-02-08,50840,31527,218,West,Hardware
2025-02-08,23879,15527,149,East,Services
2025-02-09,29919,17381,150,West,Services
2025-02-09,44687,14129,168,Asia,Hardware
2025-02-09,18689,7467,196,Europe,Software
2025-02-09,53721,32155,207,Europe,Consulting
2025-02-10,21500,8922,101,Asia,Consulting
2025-02-10,32250,10002,172,North,Services
2025-02-10,54342,27563,138,South,Services
2025-02-10,30334,10641,239,Asia,Software
2025-02-10,31073,14084,88,Europe,Hardware
2025-02-11,26262,12602,67,Asia,Services
2025-02-11,34583,14853,211,South,Software
2025-02-11,25213,9369,171,Europe,Hardware
2025-02-12,57379,31027,191,Europe,Hardware
2025-02-12,59186,39764,184,Europe,Consulting
2025-02-12,32335,13932,83,Europe,Hardware
2025-02-13,20128,8509,80,East,Consulting
2025-02-13,34283,19086,75,Europe,Services
2025-02-13,25558,16503,96,West,Hardware
2025-02-13,39934,23150,181,North,Hardware
2025-02-13,42678,17033,188,North,Hardware
2025-02-14,19238,8112,147,Europe,Software
2025-02-14,30933,17320,204,Asia,Consulting
2025-02-14,25915,13517,127,North,Hardware
2025-02-14,11493,7276,200,South,Hardware
2025-02-14,30773,12732,230,South,Software
2025-02-15,53549,29596,193,South,Consulting
2025-02-15,19258,12368,203,Asia,Consulting
2025-02-15,19823,7594,130,West,Services
2025-02-15,23630,12157,60,West,Consulting
2025-02-16,22254,15258,66,West,Hardware
2025-02-16,11510,8054,191,Asia,Hardware
2025-02-16,35692,16628,80,Europe,Services
2025-02-16,18156,7538,84,Asia,Software
2025-02-17,55959,35363,60,North,Hardware
2025-02-17,57651,17555,163,North,Services
2025-02-17,48739,23516,219,Asia,Services
2025-02-18,25941,16016,201,North,Consulting
2025-02-18,28130,16806,142,South,Software
2025-02-18,55002,24750,68,East,Hardware
2025-02-18,34551,12581,156,Asia,Consulting
2025-02-18,37532,22679,63,West,Software
2025-02-19,37558,15797,165,East,Hardware
2025-02-19,54741,20785,247,East,Hardware
2025-02-19,22308,6779,144,Asia,Consulting
2025-02-20,41206,17957,108,Europe,Hardware
2025-02-20,39663,11940,224,East,Services
2025-02-20,12171,4906,69,South,Consulting
2025-02-20,42478,22518,150,Europe,Hardware
2025-02-21,36959,21552,76,Europe,Software
2025-02-21,25409,11496,184,Europe,Services
2025-02-21,40150,23661,60,North,Consulting
2025-02-22,44105,24333,187,West,Consulting
2025-02-22,25443,14897,188,West,Hardware
2025-02-22,20274,9251,241,South,Hardware
2025-02-22,31453,9729,92,Asia,Services
2025-02-23,49397,20649,142,East,Consulting
2025-02-23,29429,18906,115,Asia,Hardware
2025-02-23,39864,14580,59,Europe,Hardware
2025-02-23,29924,20731,182,East,Hardware
2025-02-24,17093,7834,136,South,Services
2025-02-24,35713,23443,191,North,Services
2025-02-24,11716,5355,174,Europe,Hardware
2025-02-24,28418,12115,185,West,Services
2025-02-24,35704,12881,180,East,Hardware
2025-02-25,18099,10743,225,North,Software
2025-02-25,26436,18217,175,South,Services
2025-02-25,44450,17013,179,Europe,Services
2025-02-25,11744,7789,145,Europe,Hardware
2025-02-26,34044,17000,80,South,Services
2025-02-26,16105,9019,201,North,Consulting
2025-02-26,45026,24592,195,South,Consulting
2025-02-27,53569,35430,56,East,Services
2025-02-27,53593,22444,172,South,Software
2025-02-27,52288,16354,165,North,Software
2025-02-27,53959,34790,169,Asia,Services
2025-02-28,24479,15752,228,Asia,Software
2025-02-28,13343,6512,171,Europe,Software
2025-02-28,18149,10262,165,North,Services
2025-02-28,27960,11349,52,West,Services
2025-02-28,51412,23560,59,East,Services
2025-03-01,50491,20225,241,East,Consulting
2025-03-01,15552,9455,121,Europe,Hardware
2025-03-01,41290,24598,233,South,Services
2025-03-01,29320,11257,122,Asia,Software
2025-03-01,38454,26169,241,West,Consulting
2025-03-02,48958,21401,73,South,Consulting
2025-03-02,53485,35039,92,West,Services
2025-03-02,12423,8477,115,Europe,Software
2025-03-02,42867,29710,243,East,Services
2025-03-02,56387,36513,169,South,Hardware
2025-03-03,53187,23366,56,North,Software
2025-03-03,37512,24983,208,Asia,Services
2025-03-03,39571,24670,126,Asia,Consulting
2025-03-03,12777,4135,101,Europe,Hardware
2025-03-03,30584,12350,72,Asia,Hardware
2025-03-04,18296,6119,73,Asia,Services
2025-03-04,22153,13143,214,North,Services
2025-03-04,13895,8007,125,North,Services
2025-03-04,19960,6755,237,Europe,Hardware
2025-03-05,35491,14393,180,Europe,Software
2025-03-05,39249,15484,126,South,Hardware
2025-03-05,56542,23638,164,South,Hardware
2025-03-05,14879,9850,139,Europe,Services
2025-03-06,35491,19631,190,South,Consulting
2025-03-06,37676,12332,221,South,Software
2025-03-06,52910,18967,52,Asia,Software
2025-03-07,41998,15063,226,Asia,Software
2025-03-07,27745,18591,230,West,Hardware
2025-03-07,48443,27187,193,Europe,Services
2025-03-08,18227,10343,133,North,Hardware
2025-03-08,29624,20404,163,South,Hardware
2025-03-08,35905,24083,55,Asia,Software
2025-03-08,46943,21346,219,South,Hardware
2025-03-08,27309,14811,61,Europe,Software
2025-03-09,15340,5349,65,East,Hardware
2025-03-09,42069,14314,222,West,Hardware
2025-03-09,33197,22913,142,South,Hardware
2025-03-10,20451,8016,131,North,Software
2025-03-10,33215,11446,65,South,Software
2025-03-10,55263,23481,51,East,Consulting
2025-03-10,16455,8859,249,South,Software
2025-03-11,33410,18284,247,Europe,Services
2025-03-11,56861,21862,74,Asia,Software
2025-03-11,16514,10913,207,Europe,Services
2025-03-11,42541,17659,153,Asia,Hardware
2025-03-12,54953,32598,79,North,Services
2025-03-12,19947,10725,133,Asia,Consulting
2025-03-12,44552,18472,169,South,Services
2025-03-12,25953,10835,218,Asia,Hardware
2025-03-13,30719,12084,184,Asia,Hardware
2025-03-13,43777,20544,176,Europe,Hardware
2025-03-13,23035,15397,212,Europe,Consulting
2025-03-13,59429,34953,85,North,Hardware
2025-03-13,11369,4415,110,North,Software
2025-03-14,22673,13071,246,Europe,Hardware
2025-03-14,34899,14665,143,North,Consulting
2025-03-14,40084,27143,108,Europe,Hardware
2025-03-14,55003,17118,131,South,Services
2025-03-15,32694,20324,50,West,Services
2025-03-15,24645,16319,206,West,Software
2025-03-15,11887,6259,96,North,Consulting
2025-03-16,41900,21989,132,North,Hardware
2025-03-16,16078,8725,144,South,Consulting
2025-03-16,13819,7823,138,West,Consulting
2025-03-17,41061,16617,90,East,Software
2025-03-17,53570,19922,113,North,Software
2025-03-17,19435,11412,90,West,Software
2025-03-18,42976,13630,206,East,Software
2025-03-18,56148,30028,243,West,Software
2025-03-18,56059,30459,164,North,Consulting
2025-03-18,35968,21069,64,Asia,Consulting
2025-03-19,27173,13688,131,South,Services
2025-03-19,19470,8639,187,East,Consulting
2025-03-19,13906,9404,70,West,Services
2025-03-19,37312,20890,85,South,Hardware
2025-03-20,33337,14045,136,South,Software
2025-03-20,28894,12284,223,South,Software
2025-03-20,57248,28508,147,Europe,Software
2025-03-21,41042,24007,226,Europe,Services
2025-03-21,28321,18374,199,Asia,Hardware
2025-03-21,53192,33897,218,North,Services
2025-03-22,16698,7324,144,South,Software
2025-03-22,39868,26706,245,North,Hardware
2025-03-22,43559,15169,249,Asia,Consulting
2025-03-22,12067,5789,169,South,Hardware
2025-03-22,33781,19285,112,North,Software
2025-03-23,11955,6150,178,South,Services
2025-03-23,20426,8529,144,West,Services
2025-03-23,40710,16324,93,North,Consulting
2025-03-24,24014,12341,138,Europe,Software
2025-03-24,52164,21192,126,South,Consulting
2025-03-24,59311,40110,217,West,Software
2025-03-24,55619,16972,55,Europe,Services
2025-03-25,48741,24115,123,Asia,Software
2025-03-25,45060,25478,77,South,Software
2025-03-25,24983,14487,181,West,Software
2025-03-25,17484,7633,99,Europe,Consulting
2025-03-26,29981,20205,79,East,Services
2025-03-26,28476,14754,249,Asia,Hardware
2025-03-26,49213,24373,130,West,Consulting
2025-03-27,54807,38192,93,Europe,Services
2025-03-27,40384,18018,133,West,Hardware
2025-03-27,51524,31113,211,Asia,Consulting
2025-03-28,20876,9186,120,South,Hardware
2025-03-28,28570,11842,128,South,Services
2025-03-28,11200,7557,147,Asia,Software
2025-03-28,56343,28485,211,Europe,Hardware
2025-03-28,29455,8914,176,North,Consulting
2025-03-29,59162,23674,234,Europe,Services
2025-03-29,31070,12005,236,East,Software
2025-03-29,24446,9612,98,East,Hardware
2025-03-30,57489,17753,152,South,Consulting
2025-03-30,15605,10363,72,West,Hardware
2025-03-30,28834,17783,183,West,Consulting
2025-03-30,17043,5664,213,Asia,Hardware
2025-03-30,32080,20285,153,South,Hardware
2025-03-31,44099,15885,121,South,Services
2025-03-31,25735,14066,74,East,Services
2025-03-31,48238,32542,77,West,Consulting
2025-03-31,45790,20731,99,West,Hardware
2025-03-31,46227,30179,53,East,Software
2025-04-01,38468,21567,184,South,Services
2025-04-01,37897,15781,134,East,Hardware
2025-04-01,18628,10983,202,North,Software
2025-04-01,58238,23733,197,East,Consulting
2025-04-02,58523,19825,193,South,Hardware
2025-04-02,10284,5514,167,East,Software
2025-04-02,36908,16219,227,East,Hardware
2025-04-02,52193,34727,64,Asia,Services
2025-04-03,48825,16352,239,South,Hardware
2025-04-03,37386,13239,135,East,Services
2025-04-03,18537,6157,126,East,Services
2025-04-04,35007,13802,132,North,Hardware
2025-04-04,49064,22213,80,South,Hardware
2025-04-04,25091,17482,129,Asia,Hardware
2025-04-05,45798,30551,60,West,Hardware
2025-04-05,16734,11421,129,Europe,Services
2025-04-05,35850,23048,186,South,Software
2025-04-05,12565,3857,70,West,Services
2025-04-06,22169,13403,125,Asia,Hardware
2025-04-06,10658,6703,203,North,Services
2025-04-06,51687,31988,79,South,Hardware
2025-04-06,55945,33766,73,South,Software
2025-04-07,15184,9773,179,Asia,Software
2025-04-07,40938,22222,155,Europe,Consulting
2025-04-07,24138,14224,192,East,Consulting
2025-04-07,19960,9786,75,South,Services
2025-04-08,55176,35176,118,West,Services
2025-04-08,55403,37577,222,West,Services
2025-04-08,20195,12937,204,West,Services
2025-04-08,56605,34870,178,Asia,Hardware
2025-04-09,56697,18545,86,South,Consulting
2025-04-09,14023,5240,181,Asia,Software
2025-04-09,16010,6363,246,Asia,Services
2025-04-09,25855,8323,83,West,Software
2025-04-09,42911,16768,68,East,Consulting
2025-04-10,16817,11017,135,North,Consulting
2025-04-10,38335,21687,194,Asia,Services
2025-04-10,49983,26151,177,Asia,Hardware
2025-04-11,59790,31860,68,Asia,Software
2025-04-11,33995,22824,136,West,Consulting
2025-04-11,26307,14010,83,Europe,Hardware
2025-04-11,37031,15409,65,East,Hardware
2025-04-12,10754,4719,59,South,Services
2025-04-12,32559,17161,221,West,Software
2025-04-12,51524,27562,109,Europe,Software
2025-04-13,36230,16322,182,Europe,Software
2025-04-13,24073,13775,202,South,Consulting
2025-04-13,46363,21949,81,East,Consulting
2025-04-14,18005,11502,239,North,Consulting
2025-04-14,47574,21426,150,Asia,Services
2025-04-14,53022,36752,93,South,Services
2025-04-14,27443,14780,217,West,Hardware
2025-04-14,47449,25341,190,Europe,Services
2025-04-15,29751,19224,85,West,Services
2025-04-15,42731,28008,154,North,Software
2025-04-15,45982,14212,220,East,Hardware
2025-04-15,53432,34552,120,East,Hardware
2025-04-16,24075,13678,217,Europe,Software
2025-04-16,22324,10034,246,West,Hardware
2025-04-16,55638,36927,211,East,Software
2025-04-16,51663,28961,204,Europe,Consulting
2025-04-16,15855,7113,185,West,Services
2025-04-17,42795,20668,243,West,Consulting
2025-04-17,12875,8523,126,Asia,Consulting
2025-04-17,14473,5861,248,West,Hardware
2025-04-17,15764,7154,106,North,Services
2025-04-17,31550,17651,69,South,Software
2025-04-18,44821,28158,207,Europe,Software
2025-04-18,50291,27469,220,West,Software
2025-04-18,53169,27782,129,West,Hardware
2025-04-18,53528,34697,235,North,Consulting
2025-04-18,32427,19179,246,South,Hardware
2025-04-19,49776,26494,220,Europe,Software
2025-04-19,28999,10535,207,East,Hardware
2025-04-19,19607,12308,164,Asia,Software
2025-04-19,13386,6906,242,Asia,Software
2025-04-19,33897,11542,189,Asia,Services
2025-04-20,26696,17955,194,South,Consulting
2025-04-20,44346,18414,107,East,Consulting
2025-04-20,19743,13186,154,Asia,Software
2025-04-20,56712,22728,181,Asia,Services
2025-04-21,57341,31275,169,Europe,Software
2025-04-21,28051,17512,162,West,Consulting
2025-04-21,47169,23217,225,West,Software
2025-04-21,40824,12848,229,Asia,Software
2025-04-21,10741,5243,88,North,Consulting
2025-04-22,48223,32874,211,West,Hardware
2025-04-22,45518,14035,234,Asia,Hardware
2025-04-22,45224,25946,203,Europe,Services
2025-04-22,35352,13361,239,South,Services
2025-04-23,43499,24394,240,Europe,Services
2025-04-23,17531,10791,184,West,Services
2025-04-23,36016,13401,67,East,Services
2025-04-23,49773,21121,95,South,Software
2025-04-24,19559,12510,152,Europe,Consulting
2025-04-24,48295,28045,110,North,Consulting
2025-04-24,15582,8736,132,South,Services
2025-04-24,18664,5981,184,East,Services
2025-04-24,24533,13620,61,Asia,Hardware
2025-04-25,32242,19669,215,Asia,Software
2025-04-25,51595,20923,135,North,Software
2025-04-25,40468,21766,215,Europe,Software
2025-04-26,15179,9702,129,East,Software
2025-04-26,56194,26965,175,Europe,Software
2025-04-26,22448,11231,189,Europe,Hardware
2025-04-26,15139,8011,153,Europe,Services
2025-04-26,23529,7953,111,South,Services
2025-04-27,50952,17978,80,South,Consulting
2025-04-27,28008,19036,193,South,Consulting
2025-04-27,26749,14410,208,North,Hardware
2025-04-27,46141,19463,209,West,Consulting
2025-04-27,40256,20904,192,Asia,Services
2025-04-28,41103,20252,96,Asia,Hardware
2025-04-28,23674,9406,55,Europe,Services
2025-04-28,14754,9640,243,North,Hardware
2025-04-28,29648,17434,161,North,Hardware
2025-04-28,24279,7514,179,South,Software
2025-04-29,52729,26448,206,West,Software
2025-04-29,41983,17494,192,West,Hardware
2025-04-29,22608,9326,103,West,Hardware
2025-04-30,16627,7005,115,North,Services
2025-04-30,39024,20738,210,West,Hardware
2025-04-30,15822,5770,134,Europe,Hardware
2025-05-01,45515,26277,66,North,Consulting
2025-05-01,48195,21762,100,Asia,Software
2025-05-01,11755,7336,69,South,Software
2025-05-01,20653,12762,174,East,Services
2025-05-01,26192,9884,94,East,Services
2025-05-02,16707,11444,94,South,Software
2025-05-02,54535,32327,227,Europe,Software
2025-05-02,26381,16048,59,Asia,Services
2025-05-02,33032,18982,108,Asia,Hardware
2025-05-02,27822,15491,82,East,Software
2025-05-03,35449,15592,120,North,Consulting
2025-05-03,31420,18430,93,East,Hardware
2025-05-03,22711,7945,155,Asia,Hardware
2025-05-03,18542,6489,100,Europe,Services
2025-05-04,14388,6188,194,West,Consulting
2025-05-04,40169,24254,67,Europe,Services
2025-05-04,33613,17139,240,South,Services
2025-05-04,12747,3856,187,East,Consulting
2025-05-04,31924,13557,83,North,Consulting
2025-05-05,36193,15810,228,Asia,Services
2025-05-05,31379,10297,138,South,Hardware
2025-05-05,13157,4301,191,South,Consulting
2025-05-05,10556,4534,50,East,Services
2025-05-06,21980,9714,106,Asia,Software
2025-05-06,20700,9001,56,North,Consulting
2025-05-06,18422,9392,110,Asia,Services
2025-05-06,51146,17599,153,East,Hardware
2025-05-07,14190,7712,212,Europe,Software
2025-05-07,34904,15324,247,North,Software
2025-05-07,45730,16304,113,West,Consulting
2025-05-07,30715,20821,102,East,Consulting
2025-05-07,53417,21741,139,Europe,Services
2025-05-08,50578,16818,230,South,Consulting
2025-05-08,13130,4743,145,Europe,Hardware
2025-05-08,48238,14787,84,South,Hardware
2025-05-09,23385,10779,189,Europe,Consulting
2025-05-09,56806,33302,156,West,Hardware
2025-05-09,19042,12988,167,West,Hardware
2025-05-10,59258,35352,205,Europe,Software
2025-05-10,38181,16694,130,West,Consulting
2025-05-10,32417,15045,123,North,Services
2025-05-10,34547,10433,87,Asia,Software
2025-05-11,55686,22177,237,Europe,Consulting
2025-05-11,11197,3936,149,Asia,Consulting
2025-05-11,11427,5709,184,South,Software
2025-05-11,18904,11547,208,North,Consulting
2025-05-11,51154,19748,156,North,Services
2025-05-12,53006,31408,194,Asia,Services
2025-05-12,12990,5592,219,North,Services
2025-05-12,26765,16887,162,North,Consulting
2025-05-12,22960,15191,247,Asia,Consulting
2025-05-13,50013,17338,144,Europe,Hardware
2025-05-13,44316,15799,69,Europe,Services
2025-05-13,41868,26219,185,Asia,Hardware
2025-05-14,19703,8956,221,West,Software
2025-05-14,42759,21818,170,Europe,Software
2025-05-14,11862,5954,138,North,Consulting
2025-05-15,50952,34655,155,West,Consulting
2025-05-15,25762,11055,68,East,Software
2025-05-15,18313,9506,241,South,Services
2025-05-15,48817,32507,131,South,Software
2025-05-16,25349,13535,115,East,Services
2025-05-16,40447,28087,186,Europe,Software
2025-05-16,47106,27167,153,West,Services
2025-05-17,12161,6098,101,Asia,Consulting
2025-05-17,32741,16315,75,West,Services
2025-05-17,18089,10471,85,Asia,Services
2025-05-17,12305,6389,170,North,Services
2025-05-18,11566,7372,58,Europe,Services
2025-05-18,38376,24600,223,North,Software
2025-05-18,20970,12091,247,North,Consulting
2025-05-18,58083,35723,190,North,Consulting
2025-05-19,16810,11627,144,Europe,Consulting
2025-05-19,38562,23382,177,South,Software
2025-05-19,17744,10409,120,West,Hardware
2025-05-20,31193,10885,210,Europe,Consulting
2025-05-20,15901,10165,113,Asia,Hardware
2025-05-20,20950,14439,214,East,Consulting
2025-05-21,43149,15370,55,Europe,Consulting
2025-05-21,57374,30525,127,West,Hardware
2025-05-21,29359,10119,235,South,Hardware
2025-05-21,14721,4740,148,South,Services
2025-05-22,59693,23378,169,Asia,Hardware
2025-05-22,41819,21556,151,Europe,Services
2025-05-22,48045,19121,135,South,Software
2025-05-22,15338,6877,164,West,Hardware
2025-05-23,10994,5495,120,Asia,Services
2025-05-23,59531,31082,199,Asia,Services
2025-05-23,31314,9823,179,South,Software
2025-05-24,33451,13807,56,North,Consulting
2025-05-24,48550,27939,191,East,Consulting
2025-05-24,44703,21231,235,Europe,Software
2025-05-25,14990,4924,147,South,Software
2025-05-25,56670,17327,178,West,Hardware
2025-05-25,13322,7236,218,South,Software
2025-05-25,44312,23307,108,Asia,Software
2025-05-25,46806,16467,219,Asia,Software
2025-05-26,53738,35559,240,Europe,Software
2025-05-26,56511,35265,197,South,Hardware
2025-05-26,23290,14737,96,East,Consulting
2025-05-26,45606,31225,159,West,Consulting
2025-05-26,41413,26589,82,Asia,Services
2025-05-27,20610,13244,194,Asia,Consulting
2025-05-27,42095,23744,76,Europe,Hardware
2025-05-27,21724,13724,110,Europe,Consulting
2025-05-27,54095,22821,207,Asia,Software
2025-05-28,31933,20516,118,North,Consulting
2025-05-28,27091,14765,103,North,Services
2025-05-28,53734,21890,59,South,Software
2025-05-28,33517,17679,175,West,Consulting
2025-05-28,55168,37364,83,North,Consulting
2025-05-29,26284,15221,106,West,Hardware
2025-05-29,27203,17797,171,Europe,Services
2025-05-29,17901,7766,150,Europe,Services
2025-05-29,58945,27363,200,East,Services
2025-05-29,29000,18047,79,Asia,Consulting
2025-05-30,29308,16101,227,West,Services
2025-05-30,22077,7022,233,West,Hardware
2025-05-30,26823,8667,184,South,Services
2025-05-31,38871,18856,241,West,Services
2025-05-31,41544,20748,227,North,Software
2025-05-31,55222,36766,155,North,Software
2025-05-31,46350,27276,227,South,Services
2025-05-31,41694,21008,171,North,Hardware
2025-06-01,40112,17957,145,West,Services
2025-06-01,13587,4104,106,Asia,Hardware
2025-06-01,55654,29874,121,South,Services
2025-06-01,13053,4137,64,East,Hardware
2025-06-01,38705,13447,113,West,Hardware
2025-06-02,57773,26184,242,North,Consulting
2025-06-02,30902,12315,99,East,Services
2025-06-02,38887,22596,179,Europe,Hardware
2025-06-03,59868,20460,70,Europe,Software
2025-06-03,13646,7740,162,Europe,Hardware
2025-06-03,37978,26051,160,Asia,Hardware
2025-06-03,26874,8196,124,Europe,Services
2025-06-04,49209,19024,229,East,Services
2025-06-04,50370,25821,188,North,Consulting
2025-06-04,31268,10614,121,Asia,Software
2025-06-05,49384,32309,85,South,Consulting
2025-06-05,35253,19240,203,East,Services
2025-06-05,27570,12737,159,North,Consulting
2025-06-05,51866,32398,156,Europe,Consulting
2025-06-06,17789,9266,171,Europe,Software
2025-06-06,48729,18404,185,Asia,Software
2025-06-06,54480,24322,116,South,Software
2025-06-06,10443,4096,208,South,Consulting
2025-06-06,50534,20674,247,East,Consulting
2025-06-07,49960,31030,88,East,Consulting
2025-06-07,18920,9370,89,East,Software
2025-06-07,44034,27088,147,North,Consulting
2025-06-07,55192,36725,229,Europe,Services
2025-06-07,41149,26343,99,Asia,Hardware
2025-06-08,26740,12120,230,East,Consulting
2025-06-08,52040,19298,228,Europe,Services
2025-06-08,56679,23783,200,North,Consulting
2025-06-08,56068,31440,51,North,Hardware
2025-06-09,23094,12242,177,South,Services
2025-06-09,52699,27595,199,North,Software
2025-06-09,34764,16252,139,Asia,Software
2025-06-09,52533,32720,227,West,Hardware
2025-06-10,10677,6319,55,East,Services
2025-06-10,28938,13372,149,West,Consulting
2025-06-10,11982,6627,55,Europe,Consulting
2025-06-10,15917,9568,188,South,Consulting
2025-06-10,30016,13775,240,North,Hardware
2025-06-11,35549,11157,115,West,Services
2025-06-11,51943,35167,233,East,Hardware
2025-06-11,11196,6237,108,South,Hardware
2025-06-11,15622,7130,94,East,Consulting
2025-06-12,56549,25466,91,Europe,Hardware
2025-06-12,55589,17110,53,Asia,Services
2025-06-12,18297,9053,218,North,Services
2025-06-13,40715,13315,76,West,Services
2025-06-13,35124,23007,103,Asia,Consulting
2025-06-13,29139,12008,64,West,Hardware
2025-06-14,14703,4612,89,South,Software
2025-06-14,29667,19813,116,South,Software
2025-06-14,55982,30784,192,East,Software
2025-06-14,26721,14392,148,Europe,Consulting
2025-06-14,21520,10830,161,Asia,Consulting
2025-06-15,26065,8401,61,North,Hardware
2025-06-15,33451,10402,83,Asia,Services
2025-06-15,35504,14839,204,Asia,Software
2025-06-16,54273,25796,178,Europe,Hardware
2025-06-16,56628,26117,166,Asia,Software
2025-06-16,15056,4924,188,East,Hardware
2025-06-17,11361,7810,162,Asia,Consulting
2025-06-17,58734,35178,167,Asia,Consulting
2025-06-17,54424,24583,161,Asia,Consulting
2025-06-17,37638,20604,56,South,Hardware
2025-06-18,15080,5332,92,West,Hardware
2025-06-18,39669,19804,194,North,Hardware
2025-06-18,41824,27769,177,Europe,Hardware
2025-06-19,26792,8183,197,East,Hardware
2025-06-19,40622,18354,236,Asia,Consulting
2025-06-19,29640,18181,112,West,Software
2025-06-19,11906,8291,106,Asia,Hardware
2025-06-19,54171,33636,103,North,Hardware
2025-06-20,47789,29635,142,North,Consulting
2025-06-20,39341,16287,104,Asia,Services
2025-06-20,30820,10671,64,Asia,Consulting
2025-06-20,56919,23718,63,Asia,Consulting
2025-06-20,15328,5429,154,Europe,Hardware
2025-06-21,48860,16769,165,South,Services
2025-06-21,59963,39060,108,Asia,Consulting
2025-06-21,55611,32709,234,North,Services
2025-06-21,48598,25412,173,Europe,Software
2025-06-21,23896,9640,79,North,Services
2025-06-22,49648,25424,243,West,Software
2025-06-22,59874,19629,107,Asia,Consulting
2025-06-22,58043,25195,152,North,Services
2025-06-22,10408,5383,103,Asia,Software
2025-06-23,51524,26480,248,Europe,Software
2025-06-23,13116,6347,63,East,Consulting
2025-06-23,28875,11887,102,South,Services
2025-06-23,17713,7991,235,Asia,Services
2025-06-23,27188,9547,99,West,Hardware
2025-06-24,32536,12742,176,West,Software
2025-06-24,55068,23787,152,East,Consulting
2025-06-24,20931,8060,231,West,Services
2025-06-24,43100,21745,222,West,Consulting
2025-06-25,34706,19941,69,Europe,Software
2025-06-25,47193,14630,182,Asia,Consulting
2025-06-25,42631,14384,245,Europe,Hardware
2025-06-25,55567,36020,122,East,Consulting
2025-06-26,33121,10070,230,Asia,Software
2025-06-26,53312,32987,152,West,Services
2025-06-26,21040,9596,84,North,Software
2025-06-26,41233,12852,232,North,Hardware
2025-06-27,37273,14707,202,Europe,Software
2025-06-27,56611,31670,209,South,Services
2025-06-27,46958,30584,178,West,Software
2025-06-27,58517,22903,201,North,Software
2025-06-28,49077,33189,246,West,Consulting
2025-06-28,16649,6142,140,Europe,Hardware
2025-06-28,38126,22451,193,South,Hardware
2025-06-28,17334,8866,54,South,Consulting
2025-06-28,51658,32143,54,Europe,Consulting
2025-06-29,22180,13002,95,Asia,Software
2025-06-29,21985,10408,205,Europe,Consulting
2025-06-29,27317,18390,102,Asia,Consulting
2025-06-29,26427,15688,53,Asia,Consulting
2025-06-30,52230,22844,147,East,Hardware
2025-06-30,27104,15584,89,East,Hardware
2025-06-30,50321,21916,93,Asia,Services
2025-07-01,23347,7644,104,North,Software
2025-07-01,22148,10353,136,East,Consulting
2025-07-01,28138,14823,197,Europe,Software
2025-07-01,23200,13409,194,Europe,Services
2025-07-02,43147,24988,217,North,Consulting
2025-07-02,53240,16162,102,South,Consulting
2025-07-02,22279,14608,75,North,Hardware
2025-07-03,32550,19664,152,East,Software
2025-07-03,40646,12294,89,West,Services
2025-07-03,49281,31936,181,South,Services
2025-07-03,58746,31450,98,Asia,Consulting
2025-07-04,47793,30715,218,West,Software
2025-07-04,28273,19297,171,West,Consulting
2025-07-04,34646,23491,224,Asia,Software
2025-07-05,13781,5794,56,South,Services
2025-07-05,44928,28506,99,East,Consulting
2025-07-05,12028,7360,72,West,Services
2025-07-05,47386,15257,203,East,Consulting
2025-07-05,11326,6243,53,North,Software
2025-07-06,27857,12762,104,Asia,Software
2025-07-06,38312,21834,221,East,Consulting
2025-07-06,52578,33484,242,East,Consulting
2025-07-07,28232,9289,217,East,Software
2025-07-07,42319,21700,190,South,Software
2025-07-07,53152,24287,212,Europe,Services
2025-07-07,22767,15423,209,East,Software
2025-07-08,57084,18546,221,North,Hardware
2025-07-08,15570,8578,195,East,Hardware
2025-07-08,23034,15929,218,North,Hardware
2025-07-08,37776,19848,234,North,Software
2025-07-09,11736,6162,90,West,Services
2025-07-09,31646,11003,123,Asia,Consulting
2025-07-09,23587,14382,53,South,Consulting
2025-07-09,51307,20825,78,West,Hardware
2025-07-10,41724,19575,50,South,Hardware
2025-07-10,28575,10717,189,East,Consulting
2025-07-10,23578,7361,63,North,Software
2025-07-10,28857,16179,96,South,Software
2025-07-11,18655,10682,83,East,Software
2025-07-11,44638,30074,157,Asia,Software
2025-07-11,56109,31181,105,West,Services
2025-07-11,18083,10726,55,Asia,Software
2025-07-11,58012,20002,131,East,Consulting
2025-07-12,12371,8206,221,East,Hardware
2025-07-12,41248,17452,227,Asia,Services
2025-07-12,29080,9002,212,Europe,Software
2025-07-13,52587,32016,225,South,Services
2025-07-13,48396,18743,120,West,Consulting
2025-07-13,23335,12944,244,North,Hardware
2025-07-13,12788,8211,192,South,Software
2025-07-13,54553,26886,123,West,Consulting
2025-07-14,58737,22169,53,East,Hardware
2025-07-14,16690,5593,88,South,Hardware
2025-07-14,44939,28885,156,Asia,Consulting
2025-07-14,37673,26130,109,West,Software
2025-07-15,51535,19453,70,West,Hardware
2025-07-15,47135,30703,110,Europe,Software
2025-07-15,53399,20509,53,East,Services
2025-07-16,31290,15491,123,West,Services
2025-07-16,48525,18572,165,Asia,Hardware
2025-07-16,28097,9834,71,South,Services
2025-07-16,22995,11491,163,West,Hardware
2025-07-17,20810,13801,150,Asia,Hardware
2025-07-17,20911,14566,95,Asia,Consulting
2025-07-17,30972,18464,186,Europe,Consulting
2025-07-18,34641,20120,74,Asia,Consulting
2025-07-18,54756,20050,242,Asia,Software
2025-07-18,19581,12670,112,East,Consulting
2025-07-18,24533,13331,64,North,Consulting
2025-07-18,42679,23089,122,North,Software
2025-07-19,43945,22098,208,South,Services
2025-07-19,23598,9744,148,West,Hardware
2025-07-19,18495,7164,101,Asia,Software
2025-07-19,33996,11896,231,West,Hardware
2025-07-20,26407,15375,209,South,Hardware
2025-07-20,36113,18726,52,Europe,Services
2025-07-20,19353,8750,145,South,Software
2025-07-20,10799,3715,160,West,Hardware
2025-07-21,41956,25095,106,North,Software
2025-07-21,31599,19548,118,North,Software
2025-07-21,59218,27039,191,Asia,Software
2025-07-22,27950,9492,147,Asia,Services
2025-07-22,14674,4471,231,West,Services
2025-07-22,16206,6209,171,South,Services
2025-07-22,38869,21899,60,Europe,Consulting
2025-07-22,38262,13219,58,Asia,Consulting
2025-07-23,22967,13741,147,South,Consulting
2025-07-23,12627,7688,156,South,Services
2025-07-23,50326,18562,207,Asia,Consulting
2025-07-23,52028,17168,56,East,Software
2025-07-24,58108,29601,232,West,Software
2025-07-24,14446,9452,90,West,Software
2025-07-24,16102,7113,224,Europe,Services
2025-07-24,18857,5945,135,East,Hardware
2025-07-24,51092,34280,201,North,Services
2025-07-25,43331,30034,83,West,Software
2025-07-25,38419,20208,117,Europe,Software
2025-07-25,39664,16839,94,North,Software
2025-07-25,23638,12043,139,West,Hardware
2025-07-25,45560,17204,134,South,Services
2025-07-26,22121,11893,174,Europe,Hardware
2025-07-26,42350,20710,245,East,Hardware
2025-07-26,49954,30258,64,North,Software
2025-07-26,29814,16324,234,East,Software
2025-07-26,37258,18414,52,South,Software
2025-07-27,28881,17792,50,East,Software
2025-07-27,25201,11243,242,Asia,Consulting
2025-07-27,18526,10186,128,North,Services
2025-07-27,46848,16000,191,East,Software
2025-07-28,58286,37190,99,North,Services
2025-07-28,57392,18954,114,East,Services
2025-07-28,43927,23787,225,East,Services
2025-07-29,48751,31232,199,Europe,Hardware
2025-07-29,53253,25921,116,West,Software
2025-07-29,31357,20227,124,Asia,Services
2025-07-29,57245,19148,113,Asia,Services
2025-07-30,20764,12878,70,South,Services
2025-07-30,51176,23039,118,North,Consulting
2025-07-30,14560,6994,179,North,Software
2025-07-30,32669,9997,102,East,Software
2025-07-30,15156,10415,81,East,Consulting
2025-07-31,14328,7708,191,Europe,Software
2025-07-31,13056,5799,146,East,Consulting
2025-07-31,21687,9629,111,Asia,Hardware
2025-08-01,38744,12679,219,Europe,Consulting
2025-08-01,37170,13934,137,Asia,Services
2025-08-01,22680,15614,113,East,Consulting
2025-08-02,57126,24255,133,South,Consulting
2025-08-02,45487,15765,186,South,Hardware
2025-08-02,44036,25153,231,East,Hardware
2025-08-03,15382,8625,200,South,Software
2025-08-03,34977,13935,74,North,Hardware
2025-08-03,34244,22669,75,East,Services
2025-08-03,32134,11479,88,East,Hardware
2025-08-03,46462,20285,195,North,Software
2025-08-04,12861,7752,68,North,Software
2025-08-04,50646,19973,97,South,Software
2025-08-04,26130,9987,188,North,Services
2025-08-04,32695,14887,172,South,Consulting
2025-08-05,57811,28511,50,Europe,Software
2025-08-05,52131,19000,184,Asia,Services
2025-08-05,28018,19488,172,North,Hardware
2025-08-05,46021,22760,109,West,Services
2025-08-05,18921,10371,209,South,Software
2025-08-06,37979,20865,64,Europe,Services
2025-08-06,24440,8484,145,South,Consulting
2025-08-06,25613,12054,245,Asia,Services
2025-08-06,40415,19647,104,Asia,Hardware
2025-08-07,11410,5315,148,South,Software
2025-08-07,11066,3682,190,East,Hardware
2025-08-07,58917,36360,152,Europe,Software
2025-08-08,45572,18681,74,North,Consulting
2025-08-08,33820,11746,76,South,Hardware
2025-08-08,47220,19751,204,Asia,Services
2025-08-09,30947,19765,132,North,Services
2025-08-09,22067,9741,217,North,Consulting
2025-08-09,40349,18915,202,Europe,Consulting
2025-08-09,39967,21299,154,South,Services
2025-08-09,41691,25431,119,East,Software
2025-08-10,50918,20468,57,West,Hardware
2025-08-10,47355,28862,188,Asia,Software
2025-08-10,38233,22172,64,East,Hardware
2025-08-10,28689,17190,141,North,Software
2025-08-11,18188,6308,194,West,Services
2025-08-11,15556,10523,160,North,Services
2025-08-11,28172,14283,56,South,Consulting
2025-08-11,48299,20263,99,East,Services
2025-08-11,43830,13580,211,Asia,Services
2025-08-12,45124,22218,244,Asia,Software
2025-08-12,17249,5454,142,North,Software
2025-08-12,25982,12116,218,East,Hardware
2025-08-12,46817,20543,130,South,Software
2025-08-13,28503,15128,173,North,Software
2025-08-13,31489,11997,184,West,Services
2025-08-13,20110,9981,140,North,Hardware
2025-08-14,31413,9954,153,Asia,Hardware
2025-08-14,30177,16299,202,South,Consulting
2025-08-14,21414,8065,174,Europe,Software
2025-08-14,33164,22690,118,South,Hardware
2025-08-15,36489,25470,64,East,Consulting
2025-08-15,42228,22586,225,East,Services
2025-08-15,25427,16968,157,Europe,Software
2025-08-15,29627,20125,154,East,Hardware
2025-08-16,55254,24875,217,Asia,Hardware
2025-08-16,10123,6702,54,Europe,Consulting
2025-08-16,36538,23777,64,North,Services
2025-08-16,36492,11727,76,North,Hardware
2025-08-16,39720,15951,177,East,Services
2025-08-17,27744,18478,122,Europe,Software
2025-08-17,11870,8034,249,West,Hardware
2025-08-17,49968,16551,93,Asia,Consulting
2025-08-18,56560,21894,53,North,Software
2025-08-18,34471,12429,244,South,Consulting
2025-08-18,22819,12364,181,Europe,Hardware
2025-08-18,48865,20055,95,West,Consulting
2025-08-18,36265,11781,123,Asia,Services
2025-08-19,55252,38338,52,West,Services
2025-08-19,46952,22956,63,East,Software
2025-08-19,59649,38447,118,East,Hardware
2025-08-19,19431,6721,107,East,Services
2025-08-20,12927,4287,210,Asia,Services
2025-08-20,52464,17263,168,East,Hardware
2025-08-20,10176,4150,170,West,Consulting
2025-08-20,45447,30288,91,South,Software
2025-08-21,32860,12455,249,North,Consulting
2025-08-21,23339,15879,217,Asia,Software
2025-08-21,21994,15075,120,North,Hardware
2025-08-21,58246,26775,178,East,Consulting
2025-08-21,33272,14859,87,Asia,Consulting
2025-08-22,47170,25030,223,Asia,Services
2025-08-22,55482,32465,248,South,Hardware
2025-08-22,15241,7972,227,South,Software
2025-08-22,29925,14002,80,East,Hardware
2025-08-22,25952,11931,176,East,Consulting
2025-08-23,37081,19937,194,West,Consulting
2025-08-23,50742,18581,187,East,Hardware
2025-08-23,44095,28026,116,South,Consulting
2025-08-24,26214,18288,177,North,Services
2025-08-24,39256,25447,227,Asia,Software
2025-08-24,17991,7781,206,East,Software
2025-08-24,30735,20466,248,West,Consulting
2025-08-25,12664,4824,215,Asia,Hardware
2025-08-25,50452,29927,81,Asia,Services
2025-08-25,45450,28647,207,North,Software
2025-08-26,35736,14811,119,Europe,Software
2025-08-26,54429,24159,218,West,Software
2025-08-26,20450,6483,53,East,Consulting
2025-08-26,49682,26613,166,South,Software
2025-08-26,43704,14649,120,South,Hardware
2025-08-27,30978,11590,174,Europe,Services
2025-08-27,58522,36610,234,North,Hardware
2025-08-27,57197,19096,91,North,Hardware
2025-08-27,48145,21876,66,Europe,Services
2025-08-28,16025,6436,124,West,Hardware
2025-08-28,16357,6709,170,East,Consulting
2025-08-28,16518,9897,160,Asia,Consulting
2025-08-29,52714,29190,220,Asia,Services
2025-08-29,35602,19745,235,West,Services
2025-08-29,45324,29294,99,West,Software
2025-08-29,21623,7689,163,North,Services
2025-08-30,16631,10062,249,Europe,Consulting
2025-08-30,49574,26832,126,Europe,Consulting
2025-08-30,19674,11290,147,South,Hardware
2025-08-31,52243,31565,222,Asia,Software
2025-08-31,26759,8703,244,Asia,Consulting
2025-08-31,24985,11999,159,Asia,Software
2025-09-01,21539,11367,95,East,Hardware
2025-09-01,27359,11416,225,East,Consulting
2025-09-01,17618,11687,88,Asia,Consulting
2025-09-01,17049,8454,117,Asia,Software
2025-09-01,50066,15624,120,Europe,Hardware
2025-09-02,34200,22032,202,Asia,Consulting
2025-09-02,18375,11207,77,North,Hardware
2025-09-02,40427,14097,182,East,Software
2025-09-02,57004,32806,77,West,Software
2025-09-03,50242,18265,108,North,Hardware
2025-09-03,11759,7007,121,East,Consulting
2025-09-03,34872,17475,223,South,Software
2025-09-03,27191,8261,131,Europe,Software
2025-09-03,41934,13306,139,Asia,Hardware
2025-09-04,31388,14414,60,West,Consulting
2025-09-04,49282,23356,123,Asia,Software
2025-09-04,54025,37065,191,Asia,Hardware
2025-09-04,50644,28054,124,Europe,Consulting
2025-09-04,53720,37553,223,Asia,Software
2025-09-05,24682,7946,54,North,Software
2025-09-05,40398,19317,98,Asia,Hardware
2025-09-05,19643,8930,240,South,Services
2025-09-06,41534,12608,58,Asia,Consulting
2025-09-06,17034,7999,73,West,Services
2025-09-06,16555,10302,228,South,Services
2025-09-06,43121,13771,133,North,Hardware
2025-09-07,18241,6340,128,West,Consulting
2025-09-07,29861,14282,72,Europe,Software
2025-09-07,33975,17271,173,West,Consulting
2025-09-08,15625,7478,72,South,Consulting
2025-09-08,35261,18314,97,North,Consulting
2025-09-08,48386,30546,239,South,Consulting
2025-09-08,51426,25417,135,West,Software
2025-09-08,37138,25096,186,North,Consulting
2025-09-09,23955,8134,89,East,Services
2025-09-09,38930,13817,86,Asia,Services
2025-09-09,43202,17935,54,East,Hardware
2025-09-09,52441,25092,220,West,Services
2025-09-10,49186,22208,189,East,Hardware
2025-09-10,56376,19137,228,Europe,Software
2025-09-10,52091,19030,107,South,Software
2025-09-11,30852,14936,134,West,Services
2025-09-11,47948,24442,209,South,Software
2025-09-11,11516,6356,156,South,Consulting
2025-09-11,15628,7333,142,Asia,Software
2025-09-12,15491,9158,123,South,Software
2025-09-12,37306,24593,74,South,Hardware
2025-09-12,14493,6698,178,Asia,Services
2025-09-12,40086,26785,97,Asia,Hardware
2025-09-12,56776,30245,72,Asia,Consulting
2025-09-13,15102,5658,198,Europe,Hardware
2025-09-13,55620,17484,173,West,Software
2025-09-13,36782,20116,93,Europe,Software
2025-09-13,14268,7939,229,West,Consulting
2025-09-13,31348,11779,171,East,Software
2025-09-14,33993,22830,50,North,Services
2025-09-14,52494,18657,223,North,Consulting
2025-09-14,30103,14030,89,Europe,Consulting
2025-09-15,46286,32078,113,Asia,Consulting
2025-09-15,19705,12926,51,North,Consulting
2025-09-15,19112,11175,106,East,Software
2025-09-15,37479,21836,238,West,Consulting
2025-09-16,15444,7480,195,North,Software
2025-09-16,16140,11100,143,West,Software
2025-09-16,30239,15716,225,South,Services
2025-09-16,33843,20275,248,Asia,Software
2025-09-17,51413,30158,137,Europe,Hardware
2025-09-17,19817,13581,93,Asia,Consulting
2025-09-17,34056,14721,80,Europe,Consulting
2025-09-18,20465,8583,89,South,Services
2025-09-18,31285,11441,73,West,Hardware
2025-09-18,52027,32877,185,Asia,Software
2025-09-18,26301,14638,171,North,Hardware
2025-09-19,13105,7252,106,Asia,Hardware
2025-09-19,15698,8386,192,West,Consulting
2025-09-19,51254,24428,64,North,Consulting
2025-09-20,54994,28651,83,South,Hardware
2025-09-20,11457,5429,167,Europe,Software
2025-09-20,40502,22359,149,North,Hardware
2025-09-20,23887,13086,196,East,Consulting
2025-09-20,28983,14087,208,East,Services
2025-09-21,51888,17021,148,Europe,Services
2025-09-21,15041,4994,207,Asia,Hardware
2025-09-21,37832,12307,119,South,Hardware
2025-09-21,59774,41124,140,Europe,Software
2025-09-21,42260,13673,234,East,Software
2025-09-22,21332,7998,74,Asia,Consulting
2025-09-22,39529,13245,203,East,Hardware
2025-09-22,40914,21429,169,North,Services
2025-09-23,10668,4118,144,Europe,Software
2025-09-23,56403,32773,83,East,Software
2025-09-23,21793,13236,241,North,Consulting
2025-09-23,21476,15012,52,Europe,Software
2025-09-24,56058,34596,158,Asia,Services
2025-09-24,36718,13487,100,West,Consulting
2025-09-24,12046,6629,249,West,Services
2025-09-24,23372,12904,149,Asia,Services
2025-09-25,37303,24988,143,South,Services
2025-09-25,46806,21662,181,South,Hardware
2025-09-25,17445,11360,124,Asia,Consulting
2025-09-26,10474,3381,87,East,Consulting
2025-09-26,18546,10060,103,East,Software
2025-09-26,19502,11273,67,North,Hardware
2025-09-26,25597,11845,64,North,Software
2025-09-27,43986,13497,129,West,Software
2025-09-27,55670,20839,202,North,Hardware
2025-09-27,38493,21091,175,East,Software
2025-09-27,22988,10406,180,West,Services
2025-09-28,23789,14192,187,Europe,Consulting
2025-09-28,16034,8873,152,North,Consulting
2025-09-28,37618,21459,201,Europe,Software
2025-09-28,27557,11030,117,South,Hardware
2025-09-29,10426,5939,199,North,Hardware
2025-09-29,51530,29852,244,East,Software
2025-09-29,53145,30992,225,North,Software
2025-09-30,53242,26395,105,North,Hardware
2025-09-30,44920,30934,146,Asia,Consulting
2025-09-30,51396,34421,73,South,Services
2025-10-01,53535,20766,217,West,Software
2025-10-01,21622,11541,180,Asia,Hardware
2025-10-01,53109,31396,62,West,Services
2025-10-01,25112,11413,184,West,Software
2025-10-02,34207,21985,219,East,Hardware
2025-10-02,20391,10330,121,South,Consulting
2025-10-02,53764,20140,118,Asia,Services
2025-10-03,20236,9008,158,East,Consulting
2025-10-03,13196,6109,67,South,Services
2025-10-03,16801,8299,66,North,Hardware
2025-10-03,44938,19374,126,West,Hardware
2025-10-04,57386,29358,147,South,Consulting
2025-10-04,22910,14821,96,East,Consulting
2025-10-04,13651,4540,175,Europe,Software
2025-10-04,57565,29627,153,Asia,Hardware
2025-10-05,34991,18653,168,Asia,Software
2025-10-05,38975,15911,82,Asia,Software
2025-10-05,18155,6712,247,South,Software
2025-10-06,42544,24975,201,North,Hardware
2025-10-06,45251,14727,108,East,Hardware
2025-10-06,13204,4160,235,South,Software
2025-10-07,42863,14431,68,Europe,Services
2025-10-07,58422,36126,90,Europe,Software
2025-10-07,36663,21122,128,East,Consulting
2025-10-08,40718,14083,130,North,Consulting
2025-10-08,30808,19929,101,Asia,Software
2025-10-08,45272,15200,65,Asia,Software
2025-10-09,59604,35422,179,Europe,Hardware
2025-10-09,38345,18438,79,North,Hardware
2025-10-09,28131,9831,129,West,Hardware
2025-10-09,44808,16560,206,West,Consulting
2025-10-09,26028,12769,243,South,Software
2025-10-10,30573,11946,78,Europe,Hardware
2025-10-10,31175,18848,53,Asia,Consulting
2025-10-10,11300,3430,167,West,Hardware
2025-10-10,52454,23660,68,East,Consulting
2025-10-10,45354,16321,223,Europe,Consulting
2025-10-11,46950,23441,113,West,Consulting
2025-10-11,20327,9817,201,North,Services
2025-10-11,42148,14243,58,South,Software
2025-10-11,35389,18888,182,East,Software
2025-10-11,55872,27420,89,North,Software
2025-10-12,15265,10592,178,Asia,Hardware
2025-10-12,18607,12450,102,Asia,Hardware
2025-10-12,34872,16847,94,Europe,Consulting
2025-10-12,43012,24217,92,North,Services
2025-10-13,55942,34292,83,East,Consulting
2025-10-13,13618,7078,78,West,Hardware
2025-10-13,40103,20934,177,Asia,Software
2025-10-14,43452,23790,248,North,Consulting
2025-10-14,47853,33321,94,South,Consulting
2025-10-14,20914,9091,60,East,Hardware
2025-10-14,25414,16066,112,South,Hardware
2025-10-15,38667,25019,160,West,Hardware
2025-10-15,32679,22650,62,North,Consulting
2025-10-15,46938,30815,227,South,Consulting
2025-10-15,28603,17286,77,Asia,Consulting
2025-10-15,51205,26712,248,West,Services
2025-10-16,22365,15163,70,Asia,Hardware
2025-10-16,20305,6631,220,Europe,Services
2025-10-16,26749,15435,111,Europe,Services
2025-10-16,37326,22924,135,East,Services
2025-10-17,42643,13486,96,West,Services
2025-10-17,52252,24514,133,West,Software
2025-10-17,48271,32879,232,Asia,Hardware
2025-10-17,33066,18421,76,Europe,Hardware
2025-10-18,36861,12270,93,South,Software
2025-10-18,10440,4754,224,South,Hardware
2025-10-18,42846,16270,155,Europe,Hardware
2025-10-18,46505,18541,231,Asia,Services
2025-10-18,10729,4942,198,North,Services
2025-10-19,43461,17961,217,Asia,Hardware
2025-10-19,43940,18075,106,Europe,Hardware
2025-10-19,50930,33800,210,East,Software
2025-10-19,46480,25392,170,Europe,Software
2025-10-20,55008,30580,146,Asia,Services
2025-10-20,10606,4442,80,West,Hardware
2025-10-20,11863,7311,150,Asia,Hardware
2025-10-20,32165,20315,84,North,Software
2025-10-20,45360,18448,103,North,Consulting
2025-10-21,41826,23755,225,North,Hardware
2025-10-21,53173,32489,195,Asia,Software
2025-10-21,56750,36375,76,West,Consulting
2025-10-22,48840,26688,52,Europe,Hardware
2025-10-22,20606,7750,138,West,Consulting
2025-10-22,35920,19705,127,East,Services
2025-10-23,28504,19034,107,Asia,Software
2025-10-23,53137,18655,230,Asia,Consulting
2025-10-23,34102,14202,142,East,Software
2025-10-24,56048,36477,104,South,Consulting
2025-10-24,14036,9010,97,West,Software
2025-10-24,21255,6630,75,Europe,Services
2025-10-25,59290,22683,155,South,Hardware
2025-10-25,50661,34541,232,East,Hardware
2025-10-25,38587,24187,184,Europe,Software
2025-10-25,23295,13710,114,West,Software
2025-10-26,22938,13838,166,South,Hardware
2025-10-26,12298,3996,212,Europe,Consulting
2025-10-26,53727,23861,246,Europe,Software
2025-10-26,25422,15005,168,West,Consulting
2025-10-26,18600,12566,104,Asia,Consulting
2025-10-27,58638,19984,112,West,Services
2025-10-27,40621,27667,188,East,Hardware
2025-10-27,15762,5606,139,North,Hardware
2025-10-27,53417,17486,178,Europe,Consulting
2025-10-28,34511,21255,67,Europe,Hardware
2025-10-28,12081,5439,207,East,Software
2025-10-28,14156,9901,168,North,Hardware
2025-10-28,41374,28861,115,West,Software
2025-10-29,58872,40368,225,South,Consulting
2025-10-29,16961,9578,85,East,Hardware
2025-10-29,21630,6797,190,Asia,Software
2025-10-30,43550,25827,68,Asia,Hardware
2025-10-30,14426,5351,61,West,Software
2025-10-30,51299,25946,178,Asia,Hardware
2025-10-30,15707,9207,225,Europe,Services
2025-10-31,50448,22908,68,Europe,Services
2025-10-31,32754,12420,179,West,Software
2025-10-31,51497,25535,123,East,Software
2025-10-31,50089,29357,214,East,Software
2025-11-01,24260,13762,151,Asia,Services
2025-11-01,45713,25312,188,Europe,Software
2025-11-01,31391,20130,81,Asia,Software
2025-11-01,53994,37538,184,East,Services
2025-11-01,58400,21575,201,North,Software
2025-11-02,50244,17487,106,East,Consulting
2025-11-02,26396,7995,103,East,Consulting
2025-11-02,36795,13979,83,North,Consulting
2025-11-02,12752,6687,226,West,Hardware
2025-11-02,52356,26369,132,Asia,Hardware
2025-11-03,14971,7323,170,West,Software
2025-11-03,43183,29297,176,Europe,Services
2025-11-03,16783,9305,78,South,Hardware
2025-11-04,56182,25241,241,Asia,Hardware
2025-11-04,43016,16662,158,North,Hardware
2025-11-04,43332,16219,120,West,Consulting
2025-11-04,14938,8494,153,Europe,Hardware
2025-11-05,40264,22634,228,North,Services
2025-11-05,41430,26218,223,South,Hardware
2025-11-05,58740,21870,140,East,Consulting
2025-11-06,36688,15258,126,South,Software
2025-11-06,46445,15499,125,East,Consulting
2025-11-06,29548,9582,181,East,Consulting
2025-11-06,17558,10728,114,East,Hardware
2025-11-07,18480,7859,134,East,Services
2025-11-07,30256,20375,120,South,Services
2025-11-07,13836,7274,153,Asia,Software
2025-11-07,42833,23305,93,East,Software
2025-11-07,19303,13447,195,Asia,Consulting
2025-11-08,37532,13373,175,East,Consulting
2025-11-08,11430,7009,213,East,Software
2025-11-08,45410,28887,239,East,Consulting
2025-11-08,55857,38722,115,South,Services
2025-11-09,20424,11588,223,Asia,Hardware
2025-11-09,20090,11589,221,East,Software
2025-11-09,45890,16039,71,West,Software
2025-11-10,26169,14721,85,South,Software
2025-11-10,37892,22931,221,North,Consulting
2025-11-10,15836,7515,210,South,Consulting
2025-11-10,18048,8630,167,Europe,Hardware
2025-11-11,19544,11771,194,West,Hardware
2025-11-11,45871,20003,177,East,Consulting
2025-11-11,45784,21718,123,North,Services
2025-11-12,30829,15386,177,Europe,Services
2025-11-12,28254,19140,237,South,Hardware
2025-11-12,46553,22895,137,West,Software
2025-11-12,33632,13906,166,Asia,Hardware
2025-11-12,55769,20836,231,Europe,Consulting
2025-11-13,32365,16920,158,East,Software
2025-11-13,37696,25540,128,West,Services
2025-11-13,51181,25367,182,West,Consulting
2025-11-13,57343,32164,223,West,Software
2025-11-13,43487,13087,114,North,Hardware
2025-11-14,56715,34323,144,South,Services
2025-11-14,46189,17604,246,Asia,Services
2025-11-14,56748,33417,111,South,Hardware
2025-11-14,26188,13104,105,Asia,Software
2025-11-14,54652,22553,121,East,Consulting
2025-11-15,45694,23304,116,West,Consulting
2025-11-15,11897,5059,213,South,Software
2025-11-15,18289,11959,229,West,Hardware
2025-11-15,50783,28681,163,West,Software
2025-11-16,21807,13734,207,Europe,Hardware
2025-11-16,34662,13607,234,West,Hardware
2025-11-16,38915,22113,112,Asia,Services
2025-11-17,51619,22310,53,Asia,Consulting
2025-11-17,47356,29425,183,South,Services
2025-11-17,49640,33246,115,Asia,Consulting
2025-11-17,37094,11800,108,South,Consulting
2025-11-18,13167,6800,58,Asia,Hardware
2025-11-18,15903,5052,50,West,Software
2025-11-18,22607,14993,133,Asia,Services
2025-11-19,57134,25328,152,South,Services
2025-11-19,35552,21958,87,South,Hardware
2025-11-19,21524,14054,134,South,Hardware
2025-11-19,48765,20086,126,Europe,Consulting
2025-11-19,36843,15705,98,North,Software
2025-11-20,54333,31099,101,Europe,Software
2025-11-20,47988,19532,105,North,Hardware
2025-11-20,51297,24633,59,South,Hardware
2025-11-20,50538,17260,119,Europe,Hardware
2025-11-20,31345,14828,102,Europe,Software
2025-11-21,52289,22006,60,East,Services
2025-11-21,23019,12603,215,West,Software
2025-11-21,39188,26400,181,Europe,Consulting
2025-11-22,15702,9975,73,East,Services
2025-11-22,23038,8362,54,North,Services
2025-11-22,52832,28616,89,East,Hardware
2025-11-22,26853,8851,178,South,Software
2025-11-22,37501,11583,54,East,Hardware
2025-11-23,32366,11276,217,Europe,Hardware
2025-11-23,53225,30568,52,North,Consulting
2025-11-23,35480,11948,175,West,Services
2025-11-23,31864,18513,221,East,Hardware
2025-11-24,48828,19230,99,West,Hardware
2025-11-24,23766,10535,83,Europe,Software
2025-11-24,27257,13687,164,Asia,Software
2025-11-24,48282,20031,247,East,Services
2025-11-24,12659,8279,67,East,Hardware
2025-11-25,51285,28962,207,East,Services
2025-11-25,47334,17065,213,East,Consulting
2025-11-25,11771,7378,127,South,Consulting
2025-11-25,10897,3737,193,East,Hardware
2025-11-26,56711,25557,213,South,Services
2025-11-26,33245,12603,55,South,Services
2025-11-26,48092,23309,201,Asia,Hardware
2025-11-27,38089,15189,155,South,Software
2025-11-27,49983,30260,171,North,Software
2025-11-27,56083,33923,106,Europe,Hardware
2025-11-28,10232,4477,80,South,Services
2025-11-28,48585,21071,169,Asia,Services
2025-11-28,28066,18077,139,East,Services
2025-11-28,28547,15217,153,Asia,Software
2025-11-29,19665,5923,85,Europe,Services
2025-11-29,51987,17986,85,Europe,Consulting
2025-11-29,59686,28203,225,West,Services
2025-11-29,19433,8768,78,West,Consulting
2025-11-30,19313,9875,134,South,Software
2025-11-30,30195,17652,175,Europe,Software
2025-11-30,15746,4844,185,Asia,Software
2025-11-30,29667,9723,94,Asia,Consulting
2025-11-30,56436,22338,110,Europe,Consulting
2025-12-01,18432,11847,234,West,Hardware
2025-12-01,24349,12333,213,North,Software
2025-12-01,11194,3500,144,East,Services
2025-12-02,53569,22177,166,Europe,Consulting
2025-12-02,12821,7892,133,South,Services
2025-12-02,53155,30194,51,Europe,Consulting
2025-12-02,45054,17385,177,West,Services
2025-12-02,45782,31343,113,Europe,Consulting
2025-12-03,20431,8269,56,West,Software
2025-12-03,31293,21496,207,South,Software
2025-12-03,29317,19194,225,East,Software
2025-12-04,37151,20617,169,East,Hardware
2025-12-04,52138,26372,63,Asia,Software
2025-12-04,54571,25817,116,South,Consulting
2025-12-04,31007,19261,248,East,Hardware
2025-12-05,48018,30703,60,South,Software
2025-12-05,25886,17929,85,East,Hardware
2025-12-05,18161,10490,241,Asia,Consulting
2025-12-05,50338,29385,148,Europe,Software
2025-12-05,57518,40090,160,South,Software
2025-12-06,16809,7029,61,East,Consulting
2025-12-06,14761,8470,103,West,Software
2025-12-06,10543,5571,207,West,Consulting
2025-12-07,15564,6613,117,Asia,Software
2025-12-07,34999,24345,96,East,Software
2025-12-07,18090,7543,183,East,Software
2025-12-07,52546,31217,82,Asia,Software
2025-12-07,14607,5103,197,West,Software
2025-12-08,51838,22806,183,Asia,Consulting
2025-12-08,35237,22990,94,Asia,Software
2025-12-08,26566,8713,76,Asia,Consulting
2025-12-08,23556,12106,189,East,Consulting
2025-12-09,32755,20268,237,Asia,Consulting
2025-12-09,48497,22943,105,West,Hardware
2025-12-09,30681,16500,174,North,Hardware
2025-12-09,28485,12337,160,Europe,Software
2025-12-10,47310,27037,205,Asia,Services
2025-12-10,29669,14137,214,Europe,Software
2025-12-10,53896,19239,137,Asia,Consulting
2025-12-10,17697,12042,170,Europe,Consulting
2025-12-10,21273,12794,59,Asia,Hardware
2025-12-11,44024,16644,121,West,Hardware
2025-12-11,42873,17011,134,Asia,Hardware
2025-12-11,13715,7216,70,Europe,Hardware
2025-12-11,17211,10868,67,West,Hardware
2025-12-11,44246,19458,143,North,Software
2025-12-12,33247,16158,158,East,Services
2025-12-12,22067,8879,55,South,Hardware
2025-12-12,15878,8558,137,West,Consulting
2025-12-12,53165,36872,119,North,Hardware
2025-12-12,15359,6989,93,West,Consulting
2025-12-13,56355,31656,98,Europe,Services
2025-12-13,51712,20667,133,North,Hardware
2025-12-13,35797,18542,89,East,Hardware
2025-12-13,50467,20646,97,West,Hardware
2025-12-13,44794,15643,150,South,Consulting
2025-12-14,44354,24086,136,South,Software
2025-12-14,16463,5558,152,Europe,Hardware
2025-12-14,16221,8209,221,East,Consulting
2025-12-14,31046,17768,74,East,Software
2025-12-14,12081,4474,112,North,Services
2025-12-15,59614,36981,98,North,Consulting
2025-12-15,42125,22274,146,Europe,Services
2025-12-15,28803,19658,108,North,Hardware
2025-12-15,27616,9542,170,West,Software
2025-12-16,40084,26758,52,North,Software
2025-12-16,53353,31216,158,Europe,Consulting
2025-12-16,41210,21400,157,North,Software
2025-12-17,39266,23199,244,North,Consulting
2025-12-17,43440,29335,81,Europe,Services
2025-12-17,50926,28026,85,East,Software
2025-12-18,40923,15123,240,Europe,Hardware
2025-12-18,50576,29682,144,East,Services
2025-12-18,28831,18748,168,South,Services
2025-12-19,31126,19660,76,North,Hardware
2025-12-19,17270,10745,152,Europe,Software
2025-12-19,15861,8682,204,South,Consulting
2025-12-20,12918,4449,248,East,Hardware
2025-12-20,41207,25995,218,West,Hardware
2025-12-20,38911,23836,184,West,Consulting
2025-12-21,59461,39344,58,Asia,Hardware
2025-12-21,20313,12192,93,North,Services
2025-12-21,50935,32819,236,East,Consulting
2025-12-21,32018,11815,183,Asia,Services
2025-12-22,17105,5221,225,North,Services
2025-12-22,36776,18595,107,Asia,Consulting
2025-12-22,25837,16959,95,West,Consulting
2025-12-23,19500,11582,203,West,Software
2025-12-23,38557,24973,226,Asia,Consulting
2025-12-23,49184,23446,140,Asia,Software
2025-12-23,24754,13743,192,Asia,Hardware
2025-12-23,12329,7228,154,Europe,Hardware
2025-12-24,21782,9769,136,West,Services
2025-12-24,29475,15090,115,North,Hardware
2025-12-24,50843,22906,172,North,Hardware
2025-12-24,35677,22240,87,West,Software
2025-12-24,47291,15198,74,North,Software
2025-12-25,42810,24139,171,East,Software
2025-12-25,22332,9213,190,South,Services
2025-12-25,54220,29310,61,West,Software
2025-12-25,44355,22704,53,Europe,Software
2025-12-25,53113,18745,148,East,Software
2025-12-26,58964,28335,171,North,Hardware
2025-12-26,46542,25425,139,East,Hardware
2025-12-26,16951,6025,154,South,Software
2025-12-26,25385,15811,189,East,Consulting
2025-12-26,56330,17417,67,South,Consulting
2025-12-27,22867,14762,154,West,Services
2025-12-27,42523,16585,69,East,Hardware
2025-12-27,17449,10961,205,West,Software
2025-12-27,40269,16850,101,East,Software
2025-12-28,21773,9426,190,North,Services
2025-12-28,49263,26397,153,West,Consulting
2025-12-28,19676,9274,118,South,Services
2025-12-28,35902,20754,245,Asia,Services
2025-12-29,24171,13056,51,South,Services
2025-12-29,41665,25741,166,West,Consulting
2025-12-29,24072,15467,210,Asia,Software
2025-12-29,55152,26662,129,East,Hardware
2025-12-29,27594,19241,165,West,Consulting
2025-12-30,40317,14179,216,West,Services
2025-12-30,56847,23849,136,West,Consulting
2025-12-30,15875,8150,67,South,Services
2025-12-30,31853,17645,219,West,Hardware
2025-12-31,38450,23944,131,South,Consulting
2025-12-31,54459,23233,62,South,Hardware
2025-12-31,32423,9910,136,North,Software
2025-12-31,42230,24106,191,South,Hardware
2026-01-01,36384,23428,138,East,Services
2026-01-01,23732,13829,140,North,Hardware
2026-01-01,39477,24198,71,East,Consulting
